{"episode": 1, "step": 0, "_timestamp": 1717365015.6354916, "_runtime": 10.494568586349487, "_step": 1, "_wandb": {"runtime": 10}}