{"episode": 1, "step": 0, "_timestamp": 1717365429.3525739, "_runtime": 5.534615755081177, "_step": 1}