{"episode": 1, "step": 0, "_timestamp": 1717367264.1331494, "_runtime": 5.459429502487183, "_step": 1, "_wandb": {"runtime": 4}}