{"episode": 1, "step": 0, "_timestamp": 1717369577.9626937, "_runtime": 5.5052337646484375, "_step": 1, "_wandb": {"runtime": 6}}