{"episode": 1, "step": 0, "_timestamp": 1717369543.1258612, "_runtime": 5.386179208755493, "_step": 1, "_wandb": {"runtime": 8}}