{"episode": 1, "step": 0, "_timestamp": 1717366119.92265, "_runtime": 5.5241920948028564, "_step": 1, "_wandb": {"runtime": 6}}