{"episode": 1, "step": 0, "_timestamp": 1717095833.3650157, "_runtime": 8.804000854492188, "_step": 1, "_wandb": {"runtime": 9}}