{"episode": 1, "step": 0, "_timestamp": 1717368150.482171, "_runtime": 5.586460113525391, "_step": 1}