{"episode": 1, "step": 0, "_timestamp": 1717368248.0013568, "_runtime": 5.400433778762817, "_step": 1, "_wandb": {"runtime": 7}}