{"episode": 0, "step": 0, "_timestamp": 1716936086.4487622, "_runtime": 12.081507205963135, "_step": 0, "_wandb": {"runtime": 11}}