{"episode": 1, "step": 0, "_timestamp": 1717367632.8249953, "_runtime": 5.371156215667725, "_step": 1, "_wandb": {"runtime": 5}}