{"episode": 1, "step": 0, "_timestamp": 1717366969.9757686, "_runtime": 5.366638660430908, "_step": 1, "_wandb": {"runtime": 5}}