{"episode": 1, "step": 0, "_timestamp": 1717368826.0613616, "_runtime": 5.5759055614471436, "_step": 1, "_wandb": {"runtime": 8}}