{"episode": 1, "step": 0, "_timestamp": 1717365388.7812762, "_runtime": 5.399553298950195, "_step": 1, "_wandb": {"runtime": 6}}