{"episode": 1, "step": 0, "_timestamp": 1717368644.3497734, "_runtime": 5.475229501724243, "_step": 1, "_wandb": {"runtime": 7}}