{"episode": 1, "step": 0, "_timestamp": 1717367322.8802173, "_runtime": 5.390343427658081, "_step": 1, "_wandb": {"runtime": 5}}