{"episode": 1, "step": 0, "_timestamp": 1717369424.689024, "_runtime": 5.5110509395599365, "_step": 1, "_wandb": {"runtime": 8}}