{"episode": 1, "step": 0, "_timestamp": 1717367906.9300404, "_runtime": 5.524223327636719, "_step": 1, "_wandb": {"runtime": 7}}