{"episode": 1, "step": 0, "_timestamp": 1716936275.8021786, "_runtime": 8.886249542236328, "_step": 1, "_wandb": {"runtime": 9}}