{"episode": 1, "step": 0, "_timestamp": 1717095594.8674834, "_runtime": 14.501063346862793, "_step": 1, "_wandb": {"runtime": 14}}