{"episode": 1, "step": 0, "_timestamp": 1717368438.803165, "_runtime": 5.52360200881958, "_step": 1}