{"episode": 0, "step": 0, "_timestamp": 1716935962.6072843, "_runtime": 8.696807384490967, "_step": 0, "_wandb": {"runtime": 8}}