{"episode": 1, "step": 0, "_timestamp": 1717368768.5030625, "_runtime": 5.443628549575806, "_step": 1, "_wandb": {"runtime": 7}}