{"episode": 1, "step": 0, "_timestamp": 1717367525.2350602, "_runtime": 5.548174142837524, "_step": 1, "_wandb": {"runtime": 6}}