{"episode": 1, "step": 0, "_timestamp": 1717365113.8616328, "_runtime": 5.559821844100952, "_step": 1, "_wandb": {"runtime": 6}}