{"episode": 1, "step": 0, "_timestamp": 1717369010.0197942, "_runtime": 5.512279272079468, "_step": 1, "_wandb": {"runtime": 9}}