{"episode": 1, "step": 0, "_timestamp": 1717368120.3502426, "_runtime": 5.38002872467041, "_step": 1, "_wandb": {"runtime": 8}}