{"episode": 1, "step": 0, "_timestamp": 1717367612.6524494, "_runtime": 5.564841270446777, "_step": 1, "_wandb": {"runtime": 6}}