{"episode": 1, "step": 0, "_timestamp": 1717095627.9918134, "_runtime": 12.82042646408081, "_step": 1, "_wandb": {"runtime": 13}}