{"episode": 1, "step": 0, "_timestamp": 1717367809.1867552, "_runtime": 5.435150146484375, "_step": 1, "_wandb": {"runtime": 6}}