{"episode": 1, "step": 0, "_timestamp": 1717369499.69258, "_runtime": 5.412029981613159, "_step": 1, "_wandb": {"runtime": 7}}