{"episode": 1, "step": 0, "_timestamp": 1717367119.901956, "_runtime": 5.609292030334473, "_step": 1, "_wandb": {"runtime": 5}}