{"episode": 1, "step": 0, "_timestamp": 1716936164.1971405, "_runtime": 12.36980652809143, "_step": 1, "_wandb": {"runtime": 12}}