{"episode": 1, "step": 0, "_timestamp": 1717096214.67704, "_runtime": 12.311048030853271, "_step": 1, "_wandb": {"runtime": 12}}