{"episode": 1, "step": 0, "_timestamp": 1717095711.619102, "_runtime": 12.314939975738525, "_step": 1, "_wandb": {"runtime": 12}}