{"episode": 1, "step": 0, "_timestamp": 1717161897.0663402, "_runtime": 5.581245183944702, "_step": 1, "_wandb": {"runtime": 6}}