{"episode": 1, "step": 0, "_timestamp": 1717367194.65914, "_runtime": 5.514808177947998, "_step": 1, "_wandb": {"runtime": 4}}